code,category,size,pack,colors,density,composition,absorbency,finish,target_price,role,usp,benchmark_size
TWL-NAP-30,Салфетки,30х30,набор 6 шт,"Экрю, Песок, Шалфей",500,100% хлопок,от 500%,без отбеливания,590,Трафик и первые отзывы,Плотные салфетки — не просвечивают. 6 шт на всю семью,30х30
TWL-NAP-12,Салфетки,30х30,набор 12 шт,"Экрю, Песок",500,100% хлопок,от 500%,без отбеливания,990,Повышение чека,Запас на год в одной упаковке,30х30
TWL-FAC-50,Полотенце для лица,50х80,1 шт,"Экрю, Песок, Шалфей, Лавандовый",550,100% хлопок,от 500%,без отбеливания,490,Точка входа в линейку,"Размер, который реально закрывает — не детское 30х50",50х80
TWL-FAC-50S,Полотенце для лица,50х80,набор 2 шт,"Экрю, Песок, Шалфей, Лавандовый",550,100% хлопок,от 500%,без отбеливания,790,Основной объём,"Два полотенца по цене полутора, плотность 550 г/м²",50х80
TWL-BTH-70,Полотенце банное,70х140,1 шт,"Экрю, Песок, Шалфей",600,100% хлопок,от 500%,без отбеливания,890,Ядро категории,600 г/м² — вдвое плотнее обычного. Впитывает за 3 секунды,70х140
TWL-BTH-70S,Полотенце банное,70х140,набор 2 шт,"Экрю, Песок, Шалфей",600,100% хлопок,от 500%,без отбеливания,1390,Основная маржа,"Комплект для двоих, плотность 600 г/м²",70х140
TWL-SET-GIFT,Комплект в коробке,70х140 + 50х80 + 30х30 x2,набор 4 предмета,"Экрю, Шалфей",550-600,100% хлопок,от 500%,без отбеливания,1690,"Подарочный, сезон ноябрь-март",Полный набор для ванной. Цвет натурального хлопка,70х140
MAT-BTH-50,Коврик для ванной,50х80,1 шт,"Экрю, Песок, Шалфей",1200,"100% хлопок, основа без латекса",от 500%,без отбеливания,990,Расширение чека,"Не скользит, быстро сохнет, не пахнет резиной",50х80
MAT-BTH-60,Коврик для ванной,60х90,1 шт,"Экрю, Песок",1200,"100% хлопок, основа без латекса",от 500%,без отбеливания,1390,Верх коридора,"Плотный ворс, держит форму после стирки",60х90
